text,label
"All amounts payable under this Agreement are exclusive of applicable taxes, which shall be borne by the Client.",Payment
Either party may terminate this Agreement immediately upon a material breach by the other party that remains uncured for seven (7) days after written notice.,Termination
Confidential Information does not include information that is or becomes publicly available through no fault of the Receiving Party.,Confidentiality
"In no event shall either party be liable for any indirect, incidental, special, or consequential damages.",Liability
The Client may terminate this Agreement if the Service Provider fails to deliver the Services within thirty (30) days of the agreed delivery date.,Termination
Any amounts not paid when due shall bear interest from the due date until paid in full.,Payment
The Receiving Party shall hold in confidence all Confidential Information disclosed by the Disclosing Party.,Confidentiality
"the Service Provider may terminate this Agreement in the event of the other party's insolvency, bankruptcy, or assignment for the benefit of creditors.",Termination
The Company may terminate this Agreement for convenience upon thirty (30) days written notice to the Client.,Termination
Payment obligations are non-cancellable and fees paid are non-refundable except as expressly stated herein.,Payment
The Receiving Party shall use the Confidential Information solely for the purpose of performing its obligations under this Agreement.,Confidentiality
"The Service Provider retains all right, title, and interest in and to its pre-existing materials and methodologies.",Intellectual Property
Termination of this Agreement shall not relieve either party of any obligation accrued prior to the effective date of termination.,Termination
The parties agree to submit to the exclusive jurisdiction of the courts located in the Republic of Singapore.,Dispute Resolution
The obligations of confidentiality shall survive termination of this Agreement for a period of five (5) years.,Confidentiality
"All copyright, patent, trademark, and trade secret rights in the Work Product shall belong to the Company.",Intellectual Property
"The Licensee shall not reverse engineer, decompile, or disassemble the Software.",Intellectual Property
Any dispute not resolved through negotiation shall be finally settled by binding arbitration in accordance with the rules of the Arbitration and Conciliation Act.,Dispute Resolution
The parties shall attempt in good faith to resolve any dispute through amicable negotiations within seven (7) days of written notice.,Dispute Resolution
The parties shall attempt in good faith to resolve any dispute through amicable negotiations within sixty (60) days of written notice.,Dispute Resolution
"The Receiving Party may disclose Confidential Information if required by law, provided it gives prompt notice to the Disclosing Party.",Confidentiality
All intellectual property rights in the deliverables shall vest in the Client upon full payment of all fees.,Intellectual Property
"Each party shall indemnify, defend, and hold harmless the other party from any claims arising out of its breach of this Agreement.",Liability
Payment obligations are non-cancellable and fees paid are non-refundable except as expressly stated herein.,Payment
Neither party shall be liable for any failure or delay caused by events beyond its reasonable control.,Liability
Nothing in this Agreement shall be construed as granting either party any rights in the other party's intellectual property except as expressly stated.,Intellectual Property
"the Contractor may terminate this Agreement in the event of the other party's insolvency, bankruptcy, or assignment for the benefit of creditors.",Termination
"All amounts payable under this Agreement are exclusive of applicable taxes, which shall be borne by the Client.",Payment
"The Client grants the Service Provider a non-exclusive, royalty-free license to use its trademarks solely for the purpose of performing the Services.",Intellectual Property
"The Company shall not be liable for any loss of profits, revenue, data, or business opportunity.",Liability
The Client shall indemnify the Service Provider against all losses arising from the Client's use of the deliverables.,Liability
The parties agree to submit to the exclusive jurisdiction of the courts located in the Republic of Singapore.,Dispute Resolution
Termination of this Agreement shall not relieve either party of any obligation accrued prior to the effective date of termination.,Termination
The total aggregate liability of either party under this Agreement shall not exceed the fees paid or payable in the twelve months preceding the claim.,Liability
Any amounts not paid when due shall bear interest from the due date until paid in full.,Payment
The Receiving Party shall use the Confidential Information solely for the purpose of performing its obligations under this Agreement.,Confidentiality
"This Agreement shall be construed in accordance with the laws of the Province of Ontario, without regard to its conflict of laws principles.",Dispute Resolution
The headings used in this Agreement are for convenience only and shall not affect the interpretation of any provision.,Other
"Any claim must be brought within one (1) year after the cause of action arises, or such claim shall be barred.",Dispute Resolution
"Late payments shall accrue interest at the rate of 1.5% per month, or the maximum rate permitted by law.",Payment
The headings used in this Agreement are for convenience only and shall not affect the interpretation of any provision.,Other
The Service Provider's liability for any claim arising under this Agreement shall be limited to the amount of fees actually paid by the Client.,Liability
Any amounts not paid when due shall bear interest from the due date until paid in full.,Payment
"Upon termination, all rights and obligations of the parties shall cease, except those that by their nature survive termination.",Termination
Confidential Information shall not be disclosed to any third party without the prior written consent of the Disclosing Party.,Confidentiality
"All payments shall be made in EUR 75,000 or its equivalent in the currency specified herein.",Payment
Payment obligations are non-cancellable and fees paid are non-refundable except as expressly stated herein.,Payment
Confidential Information shall not be disclosed to any third party without the prior written consent of the Disclosing Party.,Confidentiality
Each party acknowledges that any breach of its confidentiality obligations may cause irreparable harm for which monetary damages would be inadequate.,Confidentiality
"The arbitration shall be conducted in English, and the arbitral award shall be final and binding on both parties.",Dispute Resolution
Neither party shall be liable for any failure or delay caused by events beyond its reasonable control.,Liability
Either party may terminate this Agreement immediately upon a material breach by the other party that remains uncured for sixty (60) days after written notice.,Termination
Nothing in this Agreement shall be construed as granting either party any rights in the other party's intellectual property except as expressly stated.,Intellectual Property
The Client shall reimburse the Service Provider for all pre-approved expenses incurred in the performance of the Services.,Payment
Either party may terminate this Agreement immediately upon a material breach by the other party that remains uncured for sixty (60) days after written notice.,Termination
The Receiving Party shall return or destroy all Confidential Information upon written request of the Disclosing Party.,Confidentiality
"Any notice required under this Agreement shall be in writing and delivered by hand, courier, or certified mail.",Other
"The Client grants the Service Provider a non-exclusive, royalty-free license to use its trademarks solely for the purpose of performing the Services.",Intellectual Property
Confidential Information does not include information that is or becomes publicly available through no fault of the Receiving Party.,Confidentiality
Nothing in this Section shall prevent either party from seeking injunctive relief in any court of competent jurisdiction.,Dispute Resolution
"The Service Provider shall issue invoices monthly, and the Client shall pay each invoice within thirty (30) days.",Payment
This Agreement may be terminated by the Service Provider upon ten (10) business days prior written notice.,Termination
"The Company shall not be liable for any loss of profits, revenue, data, or business opportunity.",Liability
Confidential Information shall not be disclosed to any third party without the prior written consent of the Disclosing Party.,Confidentiality
"The Licensee shall not reverse engineer, decompile, or disassemble the Software.",Intellectual Property
"All payments shall be made in EUR 75,000 or its equivalent in the currency specified herein.",Payment
"Upon termination, all rights and obligations of the parties shall cease, except those that by their nature survive termination.",Termination
The total aggregate liability of either party under this Agreement shall not exceed the fees paid or payable in the twelve months preceding the claim.,Liability
"Nothing in this Agreement shall limit either party's liability for death, personal injury, or fraud.",Liability
Nothing in this Section shall prevent either party from seeking injunctive relief in any court of competent jurisdiction.,Dispute Resolution
All Confidential Information remains the sole property of the Disclosing Party.,Confidentiality
"All amounts payable under this Agreement are exclusive of applicable taxes, which shall be borne by the Client.",Payment
Confidential Information does not include information that is or becomes publicly available through no fault of the Receiving Party.,Confidentiality
"Any claim must be brought within one (1) year after the cause of action arises, or such claim shall be barred.",Dispute Resolution
"The Receiving Party may disclose Confidential Information if required by law, provided it gives prompt notice to the Disclosing Party.",Confidentiality
The Client shall pay all invoices within sixty (60) days of receipt.,Payment
"If any provision of this Agreement is held to be invalid or unenforceable, the remaining provisions shall continue in full force and effect.",Other
"If any provision of this Agreement is held to be invalid or unenforceable, the remaining provisions shall continue in full force and effect.",Other
"The arbitration shall be conducted in English, and the arbitral award shall be final and binding on both parties.",Dispute Resolution
"Notwithstanding the foregoing, the Licensee may suspend performance and terminate this Agreement if payment is not received within fourteen (14) days.",Termination
The Client shall indemnify the Service Provider against all losses arising from the Client's use of the deliverables.,Liability
"Each party shall indemnify, defend, and hold harmless the other party from any claims arising out of its breach of this Agreement.",Liability
This Agreement may be amended only by a written instrument signed by both parties.,Other
"The parties are independent contractors, and nothing herein shall be construed as creating a partnership, joint venture, or agency relationship.",Other
"The Licensee shall not reverse engineer, decompile, or disassemble the Software.",Intellectual Property
"Any notice required under this Agreement shall be in writing and delivered by hand, courier, or certified mail.",Other
All Confidential Information remains the sole property of the Disclosing Party.,Confidentiality
The obligations of confidentiality shall survive termination of this Agreement for a period of five (5) years.,Confidentiality
"the Service Provider may terminate this Agreement in the event of the other party's insolvency, bankruptcy, or assignment for the benefit of creditors.",Termination
Neither party shall be liable for any failure or delay caused by events beyond its reasonable control.,Liability
"All copyright, patent, trademark, and trade secret rights in the Work Product shall belong to the Company.",Intellectual Property
The Company may terminate this Agreement for convenience upon thirty (30) days written notice to the Client.,Termination
"All payments shall be made in USD 50,000 or its equivalent in the currency specified herein.",Payment
No waiver of any provision of this Agreement shall be effective unless in writing and signed by the waiving party.,Other
The Client shall reimburse the Service Provider for all pre-approved expenses incurred in the performance of the Services.,Payment
This Agreement may be amended only by a written instrument signed by both parties.,Other
Any dispute arising out of or in connection with this Agreement shall be governed by the laws of the State of New York.,Dispute Resolution
"Each party shall indemnify, defend, and hold harmless the other party from any claims arising out of its breach of this Agreement.",Liability
Fees for the Services are set forth in Exhibit A and are payable in advance unless otherwise specified.,Payment
The limitations of liability set forth herein shall apply notwithstanding any failure of essential purpose.,Liability
"If any provision of this Agreement is held to be invalid or unenforceable, the remaining provisions shall continue in full force and effect.",Other
"This Agreement shall be construed in accordance with the laws of the State of California, without regard to its conflict of laws principles.",Dispute Resolution
The Receiving Party shall return or destroy all Confidential Information upon written request of the Disclosing Party.,Confidentiality
Nothing in this Agreement shall confer any rights or remedies upon any person other than the parties hereto.,Other
The Client may terminate this Agreement if the Service Provider fails to deliver the Services within seven (7) days of the agreed delivery date.,Termination
"The Licensor grants the Licensee a non-transferable, non-sublicensable license to use the Software for internal business purposes.",Intellectual Property
The Client shall reimburse the Service Provider for all pre-approved expenses incurred in the performance of the Services.,Payment
The Client may terminate this Agreement if the Service Provider fails to deliver the Services within fourteen (14) days of the agreed delivery date.,Termination
Termination of this Agreement shall not relieve either party of any obligation accrued prior to the effective date of termination.,Termination
The limitations of liability set forth herein shall apply notwithstanding any failure of essential purpose.,Liability
"Any inventions, discoveries, or improvements conceived in the course of performing the Services shall be the sole property of the Company.",Intellectual Property
The Receiving Party shall hold in confidence all Confidential Information disclosed by the Disclosing Party.,Confidentiality
All Confidential Information remains the sole property of the Disclosing Party.,Confidentiality
"The Service Provider shall issue invoices monthly, and the Client shall pay each invoice within one hundred twenty (120) days.",Payment
No waiver of any provision of this Agreement shall be effective unless in writing and signed by the waiving party.,Other
Nothing in this Section shall prevent either party from seeking injunctive relief in any court of competent jurisdiction.,Dispute Resolution
This Agreement shall automatically terminate upon the expiration of the Term unless renewed in writing.,Termination
"The Service Provider assigns to the Client all right, title, and interest in any work product created specifically for the Client.",Intellectual Property
"The Licensor grants the Licensee a non-transferable, non-sublicensable license to use the Software for internal business purposes.",Intellectual Property
"Notwithstanding the foregoing, either party may suspend performance and terminate this Agreement if payment is not received within ten (10) business days.",Termination
The parties shall attempt in good faith to resolve any dispute through amicable negotiations within ten (10) business days of written notice.,Dispute Resolution
"Any claim must be brought within one (1) year after the cause of action arises, or such claim shall be barred.",Dispute Resolution
"Late payments shall accrue interest at the rate of 1.5% per month, or the maximum rate permitted by law.",Payment
"All copyright, patent, trademark, and trade secret rights in the Work Product shall belong to the Company.",Intellectual Property
"The Service Provider retains all right, title, and interest in and to its pre-existing materials and methodologies.",Intellectual Property
"The arbitration shall be conducted in English, and the arbitral award shall be final and binding on both parties.",Dispute Resolution
"The Licensor grants the Licensee a non-transferable, non-sublicensable license to use the Software for internal business purposes.",Intellectual Property
This Agreement may be terminated by either party upon sixty (60) days prior written notice.,Termination
"The Client grants the Service Provider a non-exclusive, royalty-free license to use its trademarks solely for the purpose of performing the Services.",Intellectual Property
"The courts of the courts of Bangalore, India shall have exclusive jurisdiction over any dispute arising under this Agreement.",Dispute Resolution
"The Service Provider retains all right, title, and interest in and to its pre-existing materials and methodologies.",Intellectual Property
The limitations of liability set forth herein shall apply notwithstanding any failure of essential purpose.,Liability
The courts of the State of California shall have exclusive jurisdiction over any dispute arising under this Agreement.,Dispute Resolution
The obligations of confidentiality shall survive termination of this Agreement for a period of five (5) years.,Confidentiality
This Agreement may be amended only by a written instrument signed by both parties.,Other
The Client shall pay all invoices within seven (7) days of receipt.,Payment
This Agreement may be terminated by the Client upon fourteen (14) days prior written notice.,Termination
The Service Provider's liability for any claim arising under this Agreement shall be limited to the amount of fees actually paid by the Client.,Liability
Any dispute arising out of or in connection with this Agreement shall be governed by the laws of the Province of Ontario.,Dispute Resolution
"Any inventions, discoveries, or improvements conceived in the course of performing the Services shall be the sole property of the Company.",Intellectual Property
Nothing in this Agreement shall confer any rights or remedies upon any person other than the parties hereto.,Other
Each party acknowledges that any breach of its confidentiality obligations may cause irreparable harm for which monetary damages would be inadequate.,Confidentiality
This Agreement may not be assigned by either party without the prior written consent of the other party.,Other
All intellectual property rights in the deliverables shall vest in the Client upon full payment of all fees.,Intellectual Property
Fees for the Services are set forth in Exhibit A and are payable in advance unless otherwise specified.,Payment
Fees for the Services are set forth in Exhibit A and are payable in advance unless otherwise specified.,Payment
The Client shall pay all invoices within sixty (60) days of receipt.,Payment
This Agreement shall automatically terminate upon the expiration of the Term unless renewed in writing.,Termination
"Notwithstanding the foregoing, the Consultant may suspend performance and terminate this Agreement if payment is not received within ninety (90) days.",Termination
"The Service Provider assigns to the Client all right, title, and interest in any work product created specifically for the Client.",Intellectual Property
Nothing in this Agreement shall be construed as granting either party any rights in the other party's intellectual property except as expressly stated.,Intellectual Property
This Agreement constitutes the entire agreement between the parties and supersedes all prior agreements and understandings.,Other
"The parties are independent contractors, and nothing herein shall be construed as creating a partnership, joint venture, or agency relationship.",Other
The Receiving Party shall use the Confidential Information solely for the purpose of performing its obligations under this Agreement.,Confidentiality
"The parties are independent contractors, and nothing herein shall be construed as creating a partnership, joint venture, or agency relationship.",Other
"This Agreement shall be construed in accordance with the laws of the State of New York, without regard to its conflict of laws principles.",Dispute Resolution
All intellectual property rights in the deliverables shall vest in the Client upon full payment of all fees.,Intellectual Property
The parties agree to submit to the exclusive jurisdiction of the courts located in England and Wales.,Dispute Resolution
Nothing in this Agreement shall confer any rights or remedies upon any person other than the parties hereto.,Other
Any dispute arising out of or in connection with this Agreement shall be governed by the laws of England and Wales.,Dispute Resolution
Any dispute not resolved through negotiation shall be finally settled by binding arbitration in accordance with the rules of the Arbitration and Conciliation Act.,Dispute Resolution
The Service Provider's liability for any claim arising under this Agreement shall be limited to the amount of fees actually paid by the Client.,Liability
"Late payments shall accrue interest at the rate of 1.5% per month, or the maximum rate permitted by law.",Payment
"Nothing in this Agreement shall limit either party's liability for death, personal injury, or fraud.",Liability
"The Service Provider shall issue invoices monthly, and the Client shall pay each invoice within ten (10) business days.",Payment
"Any inventions, discoveries, or improvements conceived in the course of performing the Services shall be the sole property of the Company.",Intellectual Property
This Agreement constitutes the entire agreement between the parties and supersedes all prior agreements and understandings.,Other
The Receiving Party shall return or destroy all Confidential Information upon written request of the Disclosing Party.,Confidentiality
"The Service Provider assigns to the Client all right, title, and interest in any work product created specifically for the Client.",Intellectual Property
The headings used in this Agreement are for convenience only and shall not affect the interpretation of any provision.,Other
No waiver of any provision of this Agreement shall be effective unless in writing and signed by the waiving party.,Other
"Any notice required under this Agreement shall be in writing and delivered by hand, courier, or certified mail.",Other
The courts of the Republic of Singapore shall have exclusive jurisdiction over any dispute arising under this Agreement.,Dispute Resolution
"In no event shall either party be liable for any indirect, incidental, special, or consequential damages.",Liability
"Upon termination, all rights and obligations of the parties shall cease, except those that by their nature survive termination.",Termination
"Nothing in this Agreement shall limit either party's liability for death, personal injury, or fraud.",Liability
"The Receiving Party may disclose Confidential Information if required by law, provided it gives prompt notice to the Disclosing Party.",Confidentiality
"The Company shall not be liable for any loss of profits, revenue, data, or business opportunity.",Liability
The Company may terminate this Agreement for convenience upon sixty (60) days written notice to the Client.,Termination
The total aggregate liability of either party under this Agreement shall not exceed the fees paid or payable in the twelve months preceding the claim.,Liability
This Agreement shall automatically terminate upon the expiration of the Term unless renewed in writing.,Termination
The Receiving Party shall hold in confidence all Confidential Information disclosed by the Disclosing Party.,Confidentiality
This Agreement may not be assigned by either party without the prior written consent of the other party.,Other
"In no event shall either party be liable for any indirect, incidental, special, or consequential damages.",Liability
Any dispute not resolved through negotiation shall be finally settled by binding arbitration in accordance with the rules of the Arbitration and Conciliation Act.,Dispute Resolution
This Agreement may not be assigned by either party without the prior written consent of the other party.,Other
This Agreement constitutes the entire agreement between the parties and supersedes all prior agreements and understandings.,Other
The Client shall indemnify the Service Provider against all losses arising from the Client's use of the deliverables.,Liability
Each party acknowledges that any breach of its confidentiality obligations may cause irreparable harm for which monetary damages would be inadequate.,Confidentiality
